Model,Accuracy,Precision,Recall,F1 Score
Linear SVM,0.8238028321262566,0.8293514898376153,0.8238028321262566,0.8264824672292947
Logistic Regression,0.7896443627715922,0.8441836829726592,0.7896443627715922,0.8109903119245692
Naive Bayes,0.811371743595287,0.7834661202666958,0.811371743595287,0.7573512341158907
